dance pop,46.66904755831213,(31, 119, 180)
pop,46.66904755831213,(31, 119, 180)
pop rock,41.52408939398912,(31, 119, 180)
hip hop,39.27785635698568,(174, 199, 232)
pop rap,38.890872965260115,(31, 119, 180)
teen pop,36.4828726939094,(31, 119, 180)
rock,36.065911883661,(255, 127, 14)
electro house,35.644073841243234,(255, 187, 120)
house,35.644073841243234,(255, 187, 120)
r&amp;b,35.21718330588067,(44, 160, 44)
urban contemporary,35.21718330588067,(44, 160, 44)
alternative hip hop,34.34748899119119,(174, 199, 232)
latin,34.34748899119119,(152, 223, 138)
indietronica,33,(31, 119, 180)
indie pop,32.53843880704789,(31, 119, 180)
indie rock,32.53843880704789,(255, 127, 14)
latin pop,32.53843880704789,(152, 223, 138)
synthpop,31.595094555959157,(31, 119, 180)
mellow gold,31.112698372208094,(255, 127, 14)
post-grunge,31.112698372208094,(255, 127, 14)
alternative dance,30.622703995565118,(255, 187, 120)
folk-pop,30.622703995565118,(31, 119, 180)
rap,30.622703995565118,(174, 199, 232)
trap music,30.622703995565118,(174, 199, 232)
album rock,30.124740662784138,(255, 127, 14)
europop,30.124740662784138,(31, 119, 180)
funk rock,30.124740662784138,(44, 160, 44)
contemporary country,29.61840643923977,(214, 39, 40)
banda,29.1032644217105,(152, 223, 138)
southern hip hop,29.1032644217105,(174, 199, 232)
country,28.578838324886476,(214, 39, 40)
mariachi,28.578838324886476,(152, 223, 138)
progressive house,28.578838324886476,(255, 187, 120)
dirty south rap,28.044607324760314,(174, 199, 232)
funk metal,28.044607324760314,(255, 152, 150)
new rave,28.044607324760314,(255, 187, 120)
alternative metal,27.5,(255, 152, 150)
dance-punk,27.5,(148, 103, 189)
nu metal,27.5,(255, 152, 150)
pop punk,27.5,(31, 119, 180)
rap rock,27.5,(174, 199, 232)
soft rock,27.5,(255, 127, 14)
alternative rock,26.944387170614956,(255, 127, 14)
chamber pop,26.944387170614956,(31, 119, 180)
classic rock,26.944387170614956,(255, 127, 14)
crunk,26.944387170614956,(174, 199, 232)
gangster rap,26.944387170614956,(174, 199, 232)
grunge,26.944387170614956,(255, 127, 14)
indie folk,26.944387170614956,(197, 176, 213)
neo soul,26.944387170614956,(44, 160, 44)
ranchera,26.944387170614956,(152, 223, 138)
hard rock,26.377073378219954,(255, 127, 14)
shimmer pop,26.377073378219954,(31, 119, 180)
singer-songwriter,26.377073378219954,(255, 127, 14)
disco house,25.797286679028865,(255, 187, 120)
electronic,25.797286679028865,(255, 187, 120)
emo,25.797286679028865,(148, 103, 189)
rock en espanol,25.797286679028865,(255, 127, 14)
sertanejo,25.797286679028865,(152, 223, 138)
axe,25.20416632225712,(152, 223, 138)
folk rock,25.20416632225712,(197, 176, 213)
pagode,25.20416632225712,(152, 223, 138)
spanish pop,25.20416632225712,(31, 119, 180)
blues-rock,24.596747752497688,(140, 86, 75)
latin alternative,24.596747752497688,(152, 223, 138)
rap metal,24.596747752497688,(255, 152, 150)
reggaeton,24.596747752497688,(196, 156, 148)
stomp and holler,24.596747752497688,(197, 176, 213)
brazilian pop music,23.973944189473706,(31, 119, 180)
cumbia,23.973944189473706,(152, 223, 138)
electro,23.973944189473706,(255, 187, 120)
quiet storm,23.973944189473706,(44, 160, 44)
roots rock,23.973944189473706,(255, 127, 14)
chillwave,23.334523779156065,(31, 119, 180)
classic funk rock,23.334523779156065,(44, 160, 44)
groove metal,23.334523779156065,(255, 152, 150)
talent show,23.334523779156065,(31, 119, 180)
country rock,22.677080940897135,(214, 39, 40)
funk,22.677080940897135,(44, 160, 44)
mpb,22.677080940897135,(152, 223, 138)
soul,22.677080940897135,(44, 160, 44)
bachata,22,(152, 223, 138)
folk,22,(197, 176, 213)
glam rock,22,(255, 127, 14)
modern country rock,22,(214, 39, 40)
motown,22,(44, 160, 44)
new wave,22,(255, 127, 14)
piano rock,22,(255, 127, 14)
roots reggae,22,(196, 156, 148)
a cappella,21.301408404140794,(227, 119, 194)
art rock,21.301408404140794,(255, 127, 14)
easy listening,21.301408404140794,(227, 119, 194)
g funk,21.301408404140794,(44, 160, 44)
hardcore hip hop,21.301408404140794,(174, 199, 232)
juggalo,21.301408404140794,(174, 199, 232)
lo-fi,21.301408404140794,(31, 119, 180)
lounge,21.301408404140794,(227, 119, 194)
new jack swing,21.301408404140794,(227, 119, 194)
pop emo,21.301408404140794,(31, 119, 180)
progressive electro house,21.301408404140794,(255, 187, 120)
reggae,21.301408404140794,(196, 156, 148)
dance rock,20.579115627256677,(255, 187, 120)
east coast hip hop,20.579115627256677,(174, 199, 232)
garage rock,20.579115627256677,(255, 127, 14)
metal,20.579115627256677,(255, 152, 150)
new romantic,20.579115627256677,(255, 127, 14)
psychedelic rock,20.579115627256677,(255, 127, 14)
screamo,20.579115627256677,(148, 103, 189)
big beat,19.83053201505194,(255, 187, 120)
bolero,19.83053201505194,(152, 223, 138)
british blues,19.83053201505194,(140, 86, 75)
protopunk,19.83053201505194,(148, 103, 189)
punk,19.83053201505194,(148, 103, 189)
samba,19.83053201505194,(152, 223, 138)
bass music,19.05255888325765,(255, 187, 120)
bossa nova,19.05255888325765,(152, 223, 138)
dancehall,19.05255888325765,(196, 156, 148)
disco,19.05255888325765,(255, 187, 120)
industrial metal,19.05255888325765,(255, 152, 150)
metalcore,19.05255888325765,(255, 152, 150)
mexican indie,19.05255888325765,(255, 127, 14)
neo-psychedelic,19.05255888325765,(255, 127, 14)
noise pop,19.05255888325765,(31, 119, 180)
nu gaze,19.05255888325765,(31, 119, 180)
progressive trance,19.05255888325765,(255, 187, 120)
skate punk,19.05255888325765,(196, 156, 148)
trance,19.05255888325765,(255, 187, 120)
viral pop,19.05255888325765,(31, 119, 180)
australian alternative rock,18.2414363469547,(255, 127, 14)
ccm,18.2414363469547,(255, 127, 14)
chill-out,18.2414363469547,(255, 187, 120)
christian alternative rock,18.2414363469547,(255, 127, 14)
christian music,18.2414363469547,(255, 127, 14)
dreamo,18.2414363469547,(148, 103, 189)
electroclash,18.2414363469547,(255, 187, 120)
lilith,18.2414363469547,(197, 176, 213)
madchester,18.2414363469547,(255, 127, 14)
old school hip hop,18.2414363469547,(174, 199, 232)
progressive rock,18.2414363469547,(255, 127, 14)
rockabilly,18.2414363469547,(255, 127, 14)
acoustic pop,17.392527130926087,(31, 119, 180)
argentine rock,17.392527130926087,(255, 127, 14)
brazilian gospel,17.392527130926087,(148, 103, 189)
brazilian hip hop,17.392527130926087,(174, 199, 232)
brazilian punk,17.392527130926087,(148, 103, 189)
brill building pop,17.392527130926087,(31, 119, 180)
britpop,17.392527130926087,(31, 119, 180)
cabaret,17.392527130926087,(227, 119, 194)
canadian pop,17.392527130926087,(31, 119, 180)
chicago soul,17.392527130926087,(44, 160, 44)
christian rock,17.392527130926087,(255, 127, 14)
downtempo,17.392527130926087,(255, 187, 120)
freak folk,17.392527130926087,(197, 176, 213)
gospel,17.392527130926087,(44, 160, 44)
merengue,17.392527130926087,(152, 223, 138)
rock 'n roll,17.392527130926087,(255, 127, 14)
salsa,17.392527130926087,(152, 223, 138)
soul blues,17.392527130926087,(140, 86, 75)
southern soul,17.392527130926087,(44, 160, 44)
traditional country,17.392527130926087,(214, 39, 40)
traditional folk,17.392527130926087,(197, 176, 213)
trip hop,17.392527130926087,(255, 187, 120)
underground hip hop,17.392527130926087,(174, 199, 232)
uplifting trance,17.392527130926087,(255, 187, 120)
vocal jazz,17.392527130926087,(227, 119, 194)
worship,17.392527130926087,(255, 127, 14)
british invasion,16.5,(255, 127, 14)
comic,16.5,(255, 127, 14)
dream pop,16.5,(31, 119, 180)
eurodance,16.5,(255, 187, 120)
glam metal,16.5,(255, 152, 150)
grime,16.5,(255, 187, 120)
hi nrg,16.5,(255, 127, 14)
jam band,16.5,(255, 127, 14)
jazz blues,16.5,(227, 119, 194)
melodic hardcore,16.5,(148, 103, 189)
melodic metalcore,16.5,(255, 152, 150)
ska punk,16.5,(196, 156, 148)
soundtrack,16.5,(247, 182, 210)
southern rock,16.5,(255, 127, 14)
space rock,16.5,(255, 127, 14)
speed metal,16.5,(255, 152, 150)
symphonic rock,16.5,(255, 127, 14)
tejano,16.5,(152, 223, 138)
vocal house,16.5,(255, 187, 120)
west coast rap,16.5,(174, 199, 232)
acid jazz,15.556349186104047,(227, 119, 194)
anti-folk,15.556349186104047,(197, 176, 213)
breakbeat,15.556349186104047,(255, 187, 120)
canadian indie,15.556349186104047,(31, 119, 180)
classical,15.556349186104047,(247, 182, 210)
country gospel,15.556349186104047,(214, 39, 40)
forro,15.556349186104047,(152, 223, 138)
future garage,15.556349186104047,(255, 187, 120)
italian pop,15.556349186104047,(31, 119, 180)
melodic death metal,15.556349186104047,(255, 152, 150)
memphis soul,15.556349186104047,(44, 160, 44)
modern blues,15.556349186104047,(140, 86, 75)
nashville sound,15.556349186104047,(214, 39, 40)
outlaw country,15.556349186104047,(214, 39, 40)
post-hardcore,15.556349186104047,(148, 103, 189)
reggae fusion,15.556349186104047,(196, 156, 148)
shiver pop,15.556349186104047,(31, 119, 180)
slow core,15.556349186104047,(31, 119, 180)
turntablism,15.556349186104047,(174, 199, 232)
alternative country,14.55163221085525,(214, 39, 40)
ambient,14.55163221085525,(255, 187, 120)
australian pop,14.55163221085525,(31, 119, 180)
boogaloo,14.55163221085525,(152, 223, 138)
comedy,14.55163221085525,(255, 127, 14)
dub,14.55163221085525,(196, 156, 148)
dutch house,14.55163221085525,(255, 187, 120)
electric blues,14.55163221085525,(140, 86, 75)
icelandic pop,14.55163221085525,(31, 119, 180)
industrial rock,14.55163221085525,(255, 127, 14)
jazz,14.55163221085525,(227, 119, 194)
k-pop,14.55163221085525,(31, 119, 180)
latin christian,14.55163221085525,(152, 223, 138)
liquid funk,14.55163221085525,(44, 160, 44)
lovers rock,14.55163221085525,(196, 156, 148)
merseybeat,14.55163221085525,(255, 127, 14)
moombahton,14.55163221085525,(255, 187, 120)
new age,14.55163221085525,(255, 127, 14)
ninja,14.55163221085525,(255, 187, 120)
nu jazz,14.55163221085525,(227, 119, 194)
operatic pop,14.55163221085525,(247, 182, 210)
post-disco,14.55163221085525,(255, 187, 120)
progressive metal,14.55163221085525,(255, 152, 150)
punk blues,14.55163221085525,(140, 86, 75)
romantic,14.55163221085525,(247, 182, 210)
ska,14.55163221085525,(196, 156, 148)
swing,14.55163221085525,(227, 119, 194)
uk post-punk,14.55163221085525,(148, 103, 189)
baile funk,13.472193585307478,(44, 160, 44)
bebop,13.472193585307478,(227, 119, 194)
british folk,13.472193585307478,(197, 176, 213)
bubblegum dance,13.472193585307478,(255, 187, 120)
bubblegum pop,13.472193585307478,(31, 119, 180)
chanson,13.472193585307478,(31, 119, 180)
contemporary post-bop,13.472193585307478,(227, 119, 194)
cool jazz,13.472193585307478,(227, 119, 194)
drum and bass,13.472193585307478,(255, 187, 120)
dubstep,13.472193585307478,(255, 187, 120)
experimental,13.472193585307478,(255, 127, 14)
experimental rock,13.472193585307478,(255, 127, 14)
glitch hop,13.472193585307478,(255, 187, 120)
hardcore punk,13.472193585307478,(148, 103, 189)
hyphy,13.472193585307478,(174, 199, 232)
industrial,13.472193585307478,(255, 127, 14)
jazz funk,13.472193585307478,(227, 119, 194)
jazz fusion,13.472193585307478,(227, 119, 194)
k-hop,13.472193585307478,(255, 127, 14)
microhouse,13.472193585307478,(255, 187, 120)
post rock,13.472193585307478,(255, 127, 14)
post-punk,13.472193585307478,(148, 103, 189)
power metal,13.472193585307478,(255, 152, 150)
power pop,13.472193585307478,(31, 119, 180)
reggae rock,13.472193585307478,(196, 156, 148)
smooth jazz,13.472193585307478,(227, 119, 194)
texas country,13.472193585307478,(214, 39, 40)
thrash metal,13.472193585307478,(255, 152, 150)
uk garage,13.472193585307478,(31, 119, 180)
vallenato,13.472193585307478,(152, 223, 138)
workout,13.472193585307478,(127, 127, 127)
abstract hip hop,12.298373876248844,(174, 199, 232)
big band,12.298373876248844,(227, 119, 194)
blues,12.298373876248844,(140, 86, 75)
brazilian indie,12.298373876248844,(152, 223, 138)
celtic rock,12.298373876248844,(255, 127, 14)
chicano rap,12.298373876248844,(174, 199, 232)
children's music,12.298373876248844,(31, 119, 180)
chilean rock,12.298373876248844,(255, 127, 14)
choro,12.298373876248844,(152, 223, 138)
christian hip hop,12.298373876248844,(174, 199, 232)
country blues,12.298373876248844,(140, 86, 75)
cowpunk,12.298373876248844,(148, 103, 189)
death metal,12.298373876248844,(255, 152, 150)
deep house,12.298373876248844,(255, 187, 120)
freestyle,12.298373876248844,(255, 187, 120)
french pop,12.298373876248844,(31, 119, 180)
gothic metal,12.298373876248844,(255, 152, 150)
hard bop,12.298373876248844,(227, 119, 194)
hip house,12.298373876248844,(255, 187, 120)
indian pop,12.298373876248844,(31, 119, 180)
intelligent dance music,12.298373876248844,(255, 187, 120)
k-rock,12.298373876248844,(255, 127, 14)
latin metal,12.298373876248844,(152, 223, 138)
mambo,12.298373876248844,(152, 223, 138)
minimal techno,12.298373876248844,(255, 187, 120)
new weird america,12.298373876248844,(31, 119, 180)
noise rock,12.298373876248844,(255, 127, 14)
nueva cancion,12.298373876248844,(255, 127, 14)
nwobhm,12.298373876248844,(255, 152, 150)
opera,12.298373876248844,(247, 182, 210)
show tunes,12.298373876248844,(227, 119, 194)
stoner metal,12.298373876248844,(255, 152, 150)
stoner rock,12.298373876248844,(255, 127, 14)
swedish pop,12.298373876248844,(31, 119, 180)
tech house,12.298373876248844,(255, 187, 120)
trapstep,12.298373876248844,(174, 199, 232)
tribal house,12.298373876248844,(255, 187, 120)
western swing,12.298373876248844,(214, 39, 40)
acid house,11,(255, 187, 120)
acoustic blues,11,(140, 86, 75)
alternative emo,11,(148, 103, 189)
australian hip hop,11,(174, 199, 232)
bluegrass,11,(214, 39, 40)
celtic,11,(255, 127, 14)
chicago blues,11,(140, 86, 75)
chicago house,11,(255, 187, 120)
classical period,11,(247, 182, 210)
danish pop,11,(31, 119, 180)
death core,11,(255, 152, 150)
deep funk,11,(44, 160, 44)
desi,11,(31, 119, 180)
dub techno,11,(255, 187, 120)
eurobeat,11,(255, 127, 14)
eurovision,11,(31, 119, 180)
filmi,11,(31, 119, 180)
filthstep,11,(255, 187, 120)
fourth world,11,(127, 127, 127)
glitch,11,(255, 187, 120)
gothic rock,11,(255, 127, 14)
gothic symphonic metal,11,(255, 152, 150)
grave wave,11,(255, 187, 120)
jump up,11,(44, 160, 44)
latin jazz,11,(152, 223, 138)
mathcore,11,(255, 152, 150)
memphis blues,11,(140, 86, 75)
minimal,11,(247, 182, 210)
modern classical,11,(247, 182, 210)
neo classical metal,11,(247, 182, 210)
no wave,11,(255, 127, 14)
nu skool breaks,11,(255, 187, 120)
progressive bluegrass,11,(214, 39, 40)
shoegaze,11,(255, 127, 14)
soul jazz,11,(227, 119, 194)
stride,11,(227, 119, 194)
surf music,11,(255, 127, 14)
symphonic metal,11,(255, 152, 150)
texas blues,11,(140, 86, 75)
wonky,11,(255, 187, 120)
world,11,(127, 127, 127)
afrobeats,9.526279441628825,(148, 103, 189)
arab pop,9.526279441628825,(31, 119, 180)
avant-garde,9.526279441628825,(247, 182, 210)
avant-garde jazz,9.526279441628825,(227, 119, 194)
azonto,9.526279441628825,(127, 127, 127)
balearic,9.526279441628825,(255, 187, 120)
baroque,9.526279441628825,(247, 182, 210)
bhangra,9.526279441628825,(31, 119, 180)
canterbury scene,9.526279441628825,(255, 127, 14)
christian hardcore,9.526279441628825,(255, 152, 150)
christian metal,9.526279441628825,(255, 152, 150)
crossover thrash,9.526279441628825,(255, 152, 150)
cuban rumba,9.526279441628825,(152, 223, 138)
dark wave,9.526279441628825,(255, 127, 14)
delta blues,9.526279441628825,(140, 86, 75)
djent,9.526279441628825,(255, 152, 150)
doo-wop,9.526279441628825,(44, 160, 44)
doom metal,9.526279441628825,(255, 152, 150)
drone,9.526279441628825,(255, 152, 150)
ebm,9.526279441628825,(255, 127, 14)
electro-industrial,9.526279441628825,(255, 187, 120)
ethereal wave,9.526279441628825,(255, 127, 14)
fingerstyle,9.526279441628825,(140, 86, 75)
flamenco,9.526279441628825,(152, 223, 138)
folk punk,9.526279441628825,(197, 176, 213)
french hip hop,9.526279441628825,(174, 199, 232)
french rock,9.526279441628825,(255, 127, 14)
german hip hop,9.526279441628825,(174, 199, 232)
german pop,9.526279441628825,(31, 119, 180)
hardcore techno,9.526279441628825,(255, 187, 120)
illbient,9.526279441628825,(255, 187, 120)
irish folk,9.526279441628825,(197, 176, 213)
irish rock,9.526279441628825,(255, 127, 14)
j-dance,9.526279441628825,(255, 187, 120)
jangle pop,9.526279441628825,(31, 119, 180)
jump blues,9.526279441628825,(140, 86, 75)
jungle,9.526279441628825,(255, 187, 120)
kiwi rock,9.526279441628825,(255, 127, 14)
math pop,9.526279441628825,(31, 119, 180)
medieval rock,9.526279441628825,(247, 182, 210)
meditation,9.526279441628825,(127, 127, 127)
new orleans jazz,9.526279441628825,(227, 119, 194)
nintendocore,9.526279441628825,(255, 152, 150)
nu disco,9.526279441628825,(255, 187, 120)
opm,9.526279441628825,(31, 119, 180)
piano blues,9.526279441628825,(140, 86, 75)
post-metal,9.526279441628825,(255, 152, 150)
psychedelic trance,9.526279441628825,(255, 187, 120)
punjabi,9.526279441628825,(31, 119, 180)
quebecois,9.526279441628825,(255, 187, 120)
rock steady,9.526279441628825,(196, 156, 148)
romanian pop,9.526279441628825,(31, 119, 180)
rumba,9.526279441628825,(152, 223, 138)
scottish rock,9.526279441628825,(255, 127, 14)
sludge metal,9.526279441628825,(255, 152, 150)
soca,9.526279441628825,(196, 156, 148)
spanish hip hop,9.526279441628825,(174, 199, 232)
spanish indie pop,9.526279441628825,(31, 119, 180)
spanish punk,9.526279441628825,(148, 103, 189)
straight edge,9.526279441628825,(148, 103, 189)
suomi rock,9.526279441628825,(255, 127, 14)
tango,9.526279441628825,(227, 119, 194)
twee pop,9.526279441628825,(31, 119, 180)
underground rap,9.526279441628825,(174, 199, 232)
video game music,9.526279441628825,(255, 152, 150)
african rock,7.778174593052023,(255, 127, 14)
afrobeat,7.778174593052023,(44, 160, 44)
aggrotech,7.778174593052023,(255, 127, 14)
alternative pop,7.778174593052023,(31, 119, 180)
andean,7.778174593052023,(152, 223, 138)
arab folk,7.778174593052023,(197, 176, 213)
avantgarde metal,7.778174593052023,(255, 152, 150)
balkan brass,7.778174593052023,(255, 127, 14)
belgian rock,7.778174593052023,(255, 127, 14)
black metal,7.778174593052023,(255, 152, 150)
bounce,7.778174593052023,(174, 199, 232)
brass band,7.778174593052023,(140, 86, 75)
brutal death metal,7.778174593052023,(255, 152, 150)
c86,7.778174593052023,(31, 119, 180)
cello,7.778174593052023,(255, 152, 150)
chiptune,7.778174593052023,(31, 119, 180)
christian punk,7.778174593052023,(148, 103, 189)
classic garage rock,7.778174593052023,(255, 127, 14)
classical piano,7.778174593052023,(247, 182, 210)
contemporary jazz,7.778174593052023,(227, 119, 194)
coverchill,7.778174593052023,(227, 119, 194)
deathgrind,7.778174593052023,(255, 152, 150)
deeper house,7.778174593052023,(255, 187, 120)
detroit techno,7.778174593052023,(255, 187, 120)
drill and bass,7.778174593052023,(255, 187, 120)
dutch hip hop,7.778174593052023,(174, 199, 232)
dutch pop,7.778174593052023,(31, 119, 180)
electro swing,7.778174593052023,(255, 187, 120)
finnish hip hop,7.778174593052023,(174, 199, 232)
folk metal,7.778174593052023,(255, 152, 150)
footwork,7.778174593052023,(255, 187, 120)
freakbeat,7.778174593052023,(255, 127, 14)
free jazz,7.778174593052023,(227, 119, 194)
futurepop,7.778174593052023,(31, 119, 180)
garage pop,7.778174593052023,(31, 119, 180)
german indie,7.778174593052023,(255, 187, 120)
goregrind,7.778174593052023,(255, 152, 150)
grindcore,7.778174593052023,(255, 152, 150)
hands up,7.778174593052023,(255, 187, 120)
hard alternative,7.778174593052023,(255, 127, 14)
hardcore,7.778174593052023,(255, 152, 150)
hardstyle,7.778174593052023,(255, 187, 120)
harmonica blues,7.778174593052023,(140, 86, 75)
hawaiian,7.778174593052023,(255, 127, 14)
horror punk,7.778174593052023,(148, 103, 189)
indian classical,7.778174593052023,(247, 182, 210)
indonesian pop,7.778174593052023,(31, 119, 180)
israeli rock,7.778174593052023,(255, 127, 14)
italian disco,7.778174593052023,(255, 187, 120)
italian hip hop,7.778174593052023,(174, 199, 232)
italian indie pop,7.778174593052023,(31, 119, 180)
j-pop,7.778174593052023,(31, 119, 180)
japanese r&amp;b,7.778174593052023,(44, 160, 44)
jazz metal,7.778174593052023,(255, 152, 150)
kirtan,7.778174593052023,(127, 127, 127)
kizomba,7.778174593052023,(127, 127, 127)
kompa,7.778174593052023,(127, 127, 127)
kraut rock,7.778174593052023,(255, 127, 14)
louisiana blues,7.778174593052023,(140, 86, 75)
mande pop,7.778174593052023,(31, 119, 180)
math rock,7.778174593052023,(255, 127, 14)
medieval,7.778174593052023,(247, 182, 210)
mexican son,7.778174593052023,(152, 223, 138)
neo-progressive,7.778174593052023,(255, 127, 14)
neo-singer-songwriter,7.778174593052023,(31, 119, 180)
neoclassical,7.778174593052023,(247, 182, 210)
neue deutsche harte,7.778174593052023,(255, 127, 14)
neurofunk,7.778174593052023,(44, 160, 44)
new orleans blues,7.778174593052023,(140, 86, 75)
northern soul,7.778174593052023,(44, 160, 44)
old-time,7.778174593052023,(214, 39, 40)
orchestral,7.778174593052023,(247, 182, 210)
orgcore,7.778174593052023,(148, 103, 189)
outsider,7.778174593052023,(255, 127, 14)
persian pop,7.778174593052023,(31, 119, 180)
peruvian rock,7.778174593052023,(255, 127, 14)
polish pop,7.778174593052023,(31, 119, 180)
portuguese rock,7.778174593052023,(255, 127, 14)
post-post-hardcore,7.778174593052023,(255, 152, 150)
progressive psytrance,7.778174593052023,(255, 187, 120)
psychill,7.778174593052023,(255, 187, 120)
psychobilly,7.778174593052023,(148, 103, 189)
qawwali,7.778174593052023,(31, 119, 180)
ragtime,7.778174593052023,(227, 119, 194)
riot grrrl,7.778174593052023,(255, 127, 14)
schlager,7.778174593052023,(31, 119, 180)
sega,7.778174593052023,(255, 127, 14)
shimmer psych,7.778174593052023,(31, 119, 180)
slovak pop,7.778174593052023,(31, 119, 180)
southern gospel,7.778174593052023,(44, 160, 44)
speed garage,7.778174593052023,(255, 187, 120)
swedish indie pop,7.778174593052023,(31, 119, 180)
symphonic black metal,7.778174593052023,(255, 152, 150)
technical death metal,7.778174593052023,(255, 152, 150)
techno,7.778174593052023,(255, 187, 120)
traditional blues,7.778174593052023,(140, 86, 75)
trance hop,7.778174593052023,(255, 187, 120)
turkish pop,7.778174593052023,(31, 119, 180)
vaporwave,7.778174593052023,(255, 187, 120)
venezuelan rock,7.778174593052023,(255, 127, 14)
viking metal,7.778174593052023,(255, 152, 150)
violin,7.778174593052023,(247, 182, 210)
welsh rock,7.778174593052023,(255, 127, 14)
witch house,7.778174593052023,(255, 187, 120)
world fusion,7.778174593052023,(127, 127, 127)
ye ye,7.778174593052023,(31, 119, 180)
zouk,7.778174593052023,(127, 127, 127)
acousmatic,5.5,(247, 182, 210)
ambient idm,5.5,(255, 187, 120)
anime,5.5,(127, 127, 127)
atmospheric black metal,5.5,(255, 152, 150)
atmospheric post rock,5.5,(255, 127, 14)
basque rock,5.5,(255, 127, 14)
beatdown,5.5,(255, 152, 150)
black death,5.5,(255, 152, 150)
boogie-woogie,5.5,(140, 86, 75)
bouncy house,5.5,(255, 187, 120)
breakcore,5.5,(255, 187, 120)
broken beat,5.5,(255, 187, 120)
brutal deathcore,5.5,(255, 152, 150)
c-pop,5.5,(31, 119, 180)
calypso,5.5,(255, 127, 14)
cantopop,5.5,(31, 119, 180)
chalga,5.5,(31, 119, 180)
chaotic hardcore,5.5,(255, 152, 150)
chill lounge,5.5,(227, 119, 194)
choral,5.5,(247, 182, 210)
christian dance,5.5,(255, 187, 120)
classical guitar,5.5,(247, 182, 210)
crust punk,5.5,(148, 103, 189)
czech folk,5.5,(197, 176, 213)
darkstep,5.5,(255, 187, 120)
deep soul house,5.5,(255, 187, 120)
digital hardcore,5.5,(255, 187, 120)
downtempo fusion,5.5,(255, 187, 120)
drumfunk,5.5,(44, 160, 44)
dutch rock,5.5,(255, 127, 14)
early music,5.5,(247, 182, 210)
electro trash,5.5,(255, 187, 120)
entehno,5.5,(31, 119, 180)
estonian pop,5.5,(31, 119, 180)
exotica,5.5,(227, 119, 194)
fado,5.5,(127, 127, 127)
faroese pop,5.5,(31, 119, 180)
finnish pop,5.5,(31, 119, 180)
free improvisation,5.5,(227, 119, 194)
french indie pop,5.5,(31, 119, 180)
german oi,5.5,(255, 127, 14)
german punk,5.5,(148, 103, 189)
gothic americana,5.5,(255, 127, 14)
gypsy jazz,5.5,(227, 119, 194)
happy hardcore,5.5,(255, 187, 120)
hard house,5.5,(255, 187, 120)
hard trance,5.5,(255, 187, 120)
highlife,5.5,(127, 127, 127)
hiplife,5.5,(127, 127, 127)
indian rock,5.5,(255, 127, 14)
j-alt,5.5,(127, 127, 127)
j-idol,5.5,(127, 127, 127)
j-metal,5.5,(255, 152, 150)
j-rap,5.5,(174, 199, 232)
j-rock,5.5,(255, 127, 14)
japanese psychedelic,5.5,(255, 127, 14)
k-indie,5.5,(255, 127, 14)
kuduro,5.5,(127, 127, 127)
kwaito,5.5,(127, 127, 127)
laiko,5.5,(31, 119, 180)
makossa,5.5,(127, 127, 127)
malaysian pop,5.5,(31, 119, 180)
mandopop,5.5,(31, 119, 180)
marching band,5.5,(140, 86, 75)
martial industrial,5.5,(255, 127, 14)
mbalax,5.5,(127, 127, 127)
melodic hard rock,5.5,(255, 127, 14)
minimal wave,5.5,(255, 127, 14)
more indie pop,5.5,(31, 119, 180)
more tech house,5.5,(255, 187, 120)
native american,5.5,(197, 176, 213)
neo-industrial rock,5.5,(255, 127, 14)
neo-trad metal,5.5,(255, 152, 150)
neofolk,5.5,(197, 176, 213)
nepali,5.5,(127, 127, 127)
neue deutsche welle,5.5,(255, 127, 14)
neurostep,5.5,(44, 160, 44)
new beat,5.5,(255, 127, 14)
nl folk,5.5,(197, 176, 213)
norwegian pop,5.5,(31, 119, 180)
nu age,5.5,(255, 187, 120)
oi,5.5,(148, 103, 189)
pagan black metal,5.5,(255, 152, 150)
piedmont blues,5.5,(140, 86, 75)
polish hip hop,5.5,(174, 199, 232)
power electronics,5.5,(255, 187, 120)
power violence,5.5,(255, 152, 150)
power-pop punk,5.5,(31, 119, 180)
psych gaze,5.5,(31, 119, 180)
rai,5.5,(127, 127, 127)
renaissance,5.5,(247, 182, 210)
retro metal,5.5,(255, 152, 150)
russian hip hop,5.5,(174, 199, 232)
russian pop,5.5,(31, 119, 180)
russian rock,5.5,(255, 127, 14)
schranz,5.5,(255, 187, 120)
screamo punk,5.5,(148, 103, 189)
serialism,5.5,(247, 182, 210)
shibuya-kei,5.5,(255, 187, 120)
soukous,5.5,(127, 127, 127)
south african jazz,5.5,(227, 119, 194)
steampunk,5.5,(148, 103, 189)
swamp blues,5.5,(140, 86, 75)
swedish hip hop,5.5,(174, 199, 232)
swiss rock,5.5,(255, 127, 14)
taiwanese pop,5.5,(31, 119, 180)
thai pop,5.5,(31, 119, 180)
thrash core,5.5,(148, 103, 189)
tin pan alley,5.5,(227, 119, 194)
turbo folk,5.5,(197, 176, 213)
ukrainian rock,5.5,(255, 127, 14)
vegan straight edge,5.5,(148, 103, 189)
vietnamese pop,5.5,(31, 119, 180)
visual kei,5.5,(255, 127, 14)
warm drone,5.5,(255, 127, 14)
yugoslav rock,5.5,(255, 127, 14)
zim,5.5,(127, 127, 127)
zydeco,5.5,(140, 86, 75)
african percussion,0,(127, 127, 127)
albanian pop,0,(31, 119, 180)
bangla,0,(31, 119, 180)
barbershop,0,(31, 119, 180)
breaks,0,(255, 187, 120)
capoeira,0,(152, 223, 138)
chinese indie rock,0,(255, 127, 14)
chinese traditional,0,(31, 119, 180)
classic chinese pop,0,(31, 119, 180)
classic russian rock,0,(255, 127, 14)
dangdut,0,(31, 119, 180)
dark ambient,0,(255, 187, 120)
dark black metal,0,(255, 152, 150)
electroacoustic improvisation,0,(255, 187, 120)
enka,0,(127, 127, 127)
ethiopian pop,0,(31, 119, 180)
fallen angel,0,(255, 152, 150)
finnish hardcore,0,(148, 103, 189)
funeral doom,0,(255, 152, 150)
gabba,0,(255, 127, 14)
gamelan,0,(247, 182, 210)
guidance,0,(255, 187, 120)
hard glam,0,(255, 127, 14)
harp,0,(197, 176, 213)
hungarian pop,0,(31, 119, 180)
indie shoegaze,0,(31, 119, 180)
j-punk,0,(148, 103, 189)
japanese standards,0,(127, 127, 127)
japanese traditional,0,(127, 127, 127)
japanoise,0,(255, 127, 14)
jazz orchestra,0,(227, 119, 194)
judaica,0,(255, 127, 14)
jug band,0,(140, 86, 75)
klezmer,0,(255, 127, 14)
latvian pop,0,(31, 119, 180)
lithumania,0,(31, 119, 180)
luk thung,0,(31, 119, 180)
malagasy folk,0,(197, 176, 213)
manele,0,(31, 119, 180)
melodic progressive metal,0,(255, 152, 150)
more classical piano,0,(247, 182, 210)
more melodic death metal,0,(255, 152, 150)
more thrash metal,0,(255, 152, 150)
musique concrete,0,(255, 127, 14)
neo-synthpop,0,(31, 119, 180)
nordic folk,0,(197, 176, 213)
norwegian jazz,0,(227, 119, 194)
oratory,0,(255, 127, 14)
pipe band,0,(255, 127, 14)
poetry,0,(255, 127, 14)
polish reggae,0,(196, 156, 148)
polka,0,(255, 127, 14)
power blues-rock,0,(140, 86, 75)
power noise,0,(255, 127, 14)
rock catala,0,(255, 127, 14)
russian punk,0,(148, 103, 189)
skiffle,0,(255, 127, 14)
skweee,0,(255, 187, 120)
slam death metal,0,(255, 152, 150)
slovenian rock,0,(255, 127, 14)
speedcore,0,(255, 187, 120)
spoken word,0,(174, 199, 232)
string quartet,0,(247, 182, 210)
swedish punk,0,(148, 103, 189)
tekno,0,(255, 187, 120)
throat singing,0,(127, 127, 127)
vienna indie,0,(255, 187, 120)
vocaloid,0,(31, 119, 180)
volksmusik,0,(31, 119, 180)
wind ensemble,0,(140, 86, 75)
zeuhl,0,(255, 127, 14)
zouglou,0,(127, 127, 127)
